from,to,cost_per_unit_shipped,transportation_method,congestion_level
1,2,8,Diesel Trucks,23
1,4,8,Air Freight,84
1,6,14,Diesel Trucks,81
1,7,23,Electric/Hybrid Trucks,84
2,1,11,Electrified Rail,37
2,5,10,Diesel Rail,28
2,6,22,Diesel Rail,30
3,1,16,Air Freight,99
3,2,5,Slow Steaming Cargo Ships,97
3,4,19,Diesel Trucks,89
3,5,11,Cargo Ships (Heavy Fuel Oil),99
4,1,7,Air Freight,81
4,2,14,Diesel Trucks,85
4,6,8,Wind-powered Ships,99
5,1,15,Air Freight,33
5,2,22,Cargo Ships (Heavy Fuel Oil),74
5,3,12,Cargo Ships (Heavy Fuel Oil),89
5,4,14,Cargo Ships (Heavy Fuel Oil),77
5,7,6,Air Freight,96
6,1,17,Cargo Ships (Heavy Fuel Oil),99
6,5,24,Air Freight,30
6,7,18,Air Freight,27
7,3,13,Diesel Trucks,78
7,5,16,Slow Steaming Cargo Ships,104
